,0,1,2,accuracy,macro avg,weighted avg
precision,0.8031142040101162,0.8307609997790159,0.9291518790009619,0.8380863411181882,0.8543423609300312,0.8408864882894102
recall,0.8527599824484423,0.8357671066179913,0.8194290060258586,0.8380863411181882,0.8359853650307639,0.8380863411181882
f1-score,0.8271928629801144,0.8332565342417013,0.8708479054946763,0.8380863411181882,0.843765767572164,0.8385763980635005
support,56975.0,85464.0,34186.0,0.8380863411181882,176625.0,176625.0
